,Source,Target,Weight
0,down42roads,anddrewwiles,4
1,down42roads,BolivianNostril,1
2,anddrewwiles,down42roads,3
3,anddrewwiles,kublahkoala,1
4,anddrewwiles,McKoijion,1
5,anddrewwiles,cdb03b,1
6,anddrewwiles,redditvoluntaryist,2
7,anddrewwiles,Havenkeld,1
8,anddrewwiles,westatwork,1
9,anddrewwiles,BolivianNostril,1
10,BolivianNostril,down42roads,1
11,BolivianNostril,TheSausageGuy,1
12,BolivianNostril,PortablePawnShop,3
13,BolivianNostril,super-commenting,1
14,BolivianNostril,PreacherJudge,1
15,BolivianNostril,CapitalismForFreedom,1
16,kublahkoala,anddrewwiles,2
17,kublahkoala,TheSausageGuy,2
18,TheSausageGuy,kublahkoala,3
19,TheSausageGuy,cdb03b,4
20,TheSausageGuy,westatwork,5
21,TheSausageGuy,PortablePawnShop,3
22,McKoijion,anddrewwiles,1
23,Bobsorules,anddrewwiles,2
24,cdb03b,anddrewwiles,1
25,cdb03b,TheSausageGuy,3
26,redditvoluntaryist,anddrewwiles,2
27,goldistastey,anddrewwiles,1
28,SciFiPaine0,goldistastey,1
29,SciFiPaine0,super-commenting,1
30,SciFiPaine0,PreacherJudge,1
31,SciFiPaine0,DCarrier,3
32,Havenkeld,anddrewwiles,2
33,westatwork,anddrewwiles,2
34,westatwork,AlphaGoGoDancer,1
35,westatwork,Bobsorules,1
36,westatwork,TheSausageGuy,4
37,AlphaGoGoDancer,westatwork,2
38,PortablePawnShop,anddrewwiles,1
39,PortablePawnShop,TheSausageGuy,2
40,PortablePawnShop,BolivianNostril,3
41,super-commenting,anddrewwiles,1
42,super-commenting,SciFiPaine0,1
43,super-commenting,BolivianNostril,1
44,PreacherJudge,anddrewwiles,1
45,DCarrier,anddrewwiles,1
46,DCarrier,SciFiPaine0,2
47,CapitalismForFreedom,anddrewwiles,1
48,CapitalismForFreedom,BolivianNostril,1
