Source,Target,Weight
Hq3473,donaldsw,3
Hq3473,VernonHines,2
Hq3473,sarcasmandsocialism,1
Hq3473,PuffyPanda200,1
Slagernicus,Hq3473,1
Slagernicus,Ansuz07,1
Slagernicus,getfuckingreal,4
Slagernicus,yaxamie,3
Slagernicus,Mintnose,4
Slagernicus,clockworkgirl21,1
Slagernicus,Amablue,1
Slagernicus,Letshavemorefun,2
Slagernicus,ThatBelligerentSloth,2
Slagernicus,Octobers_second_one,2
Slagernicus,Sheexthro,2
Slagernicus,jzpenny,2
Slagernicus,fadadapple,2
Slagernicus,[deleted],1
Slagernicus,DreadnaughtZero,6
ThatBelligerentSloth,badabinglove,2
Ansuz07,rmhildebrandt,2
Ansuz07,abutthole,1
Ansuz07,Sine_Habitus,3
Ansuz07,Miguelinileugim,3
Ansuz07,natha105,7
Ansuz07,sdmitch16,5
Ansuz07,Cyanized7,2
getfuckingreal,Slagernicus,5
yaxamie,minerva_qw,1
Mintnose,Slagernicus,4
clockworkgirl21,Slagernicus,1
Amablue,Ansuz07,1
Amablue,Slagernicus,1
Letshavemorefun,Ansuz07,1
Letshavemorefun,Slagernicus,2
Letshavemorefun,Sheexthro,5
Sheexthro,wobblyweasel,10
Octobers_second_one,Slagernicus,2
Gladix,Ansuz07,1
Gladix,yaxamie,1
Gladix,Sheexthro,3
EmilyRose607,yaxamie,1
[deleted],donaldsw,2
Nepene,[deleted],1
gorkt,Ansuz07,1
jzpenny,Slagernicus,2
jzpenny,timmytissue,2
jzpenny,leyxk,1
timmytissue,jzpenny,2
leyxk,jzpenny,1
fadadapple,Slagernicus,3
DreadnaughtZero,Slagernicus,6
atomic_mermaid,EconomistMagazine,1
EconomistMagazine,atomic_mermaid,1
EconomistMagazine,philotrow,3
philotrow,EconomistMagazine,4
philotrow,Raresandrei,1
bubi09,EconomistMagazine,1
Raresandrei,philotrow,1
Raresandrei,stratys3,1
roussell131,EconomistMagazine,1
roussell131,YabuSama2k,4
roussell131,premium_mud,1
YabuSama2k,roussell131,5
YabuSama2k,Floriane007,1
YabuSama2k,forestfly1234,2
YabuSama2k,stratys3,1
YabuSama2k,lifeonthegrid,1
YabuSama2k,mylifeisprettyplain,3
YabuSama2k,Madplato,8
YabuSama2k,Gobias11,1
YabuSama2k,DerWasserspeier,5
YabuSama2k,Iustinianus_I,3
YabuSama2k,Ragdoll_Proletariat,2
premium_mud,roussell131,2
YenTheFirst,EconomistMagazine,1
YenTheFirst,MyPenisIsaWMD,1
MyPenisIsaWMD,[deleted],1
MyPenisIsaWMD,doughboy011,1
CurryF4rts,Nepene,1
Floriane007,EconomistMagazine,1
forestfly1234,minerva_qw,1
stratys3,C21H27Cl3N2O3,2
Leagle_Egal,stratys3,1
lifeonthegrid,YabuSama2k,1
Dinaverg,EconomistMagazine,1
mylifeisprettyplain,Dinaverg,1
mylifeisprettyplain,YabuSama2k,2
Madplato,weirds3xstuff,4
Madplato,Chazzyphant,3
Gobias11,EconomistMagazine,1
DerWasserspeier,EconomistMagazine,1
DerWasserspeier,YabuSama2k,4
Iustinianus_I,EconomistMagazine,1
Iustinianus_I,YabuSama2k,2
Ragdoll_Proletariat,EconomistMagazine,1
Ragdoll_Proletariat,YabuSama2k,2
PreacherJudge,Chazzyphant,3
minerva_qw,PreacherJudge,1
minerva_qw,exosequitur,2
minerva_qw,forestfly1234,1
minerva_qw,yaxamie,1
minerva_qw,swebsies,1
minerva_qw,SuperUncoolGuy,1
minerva_qw,TrunaDragon,1
minerva_qw,badoosh123,1
minerva_qw,Trenks,1
minerva_qw,sonofaresiii,2
minerva_qw,MrDopple,1
minerva_qw,lindygrey,1
minerva_qw,Kahnonymous,1
exosequitur,PreacherJudge,2
exosequitur,minerva_qw,3
exosequitur,PorkyPotPie,1
PorkyPotPie,exosequitur,1
hacksoncode,weirds3xstuff,2
Alacritous,PreacherJudge,1
Alacritous,lerdnord,2
lerdnord,Alacritous,2
dontrain1111,Alacritous,1
MisanthropeX,minerva_qw,1
Tynach,MisanthropeX,1
Tynach,badoosh123,2
swebsies,minerva_qw,1
swebsies,SearingEnigma,1
embracing_insanity,minerva_qw,1
SearingEnigma,swebsies,2
SuperUncoolGuy,minerva_qw,2
TrunaDragon,minerva_qw,1
MINECRAFT_BIOLOGIST,TrunaDragon,1
leDesespoir,minerva_qw,1
r3dwash,leDesespoir,1
jimethn,r3dwash,1
sunsour,SuperUncoolGuy,1
badoosh123,minerva_qw,3
badoosh123,Tynach,2
badoosh123,[deleted],2
Trenks,badoosh123,1
inkman,minerva_qw,1
inkman,ferulic9mm,1
ferulic9mm,inkman,1
sonofaresiii,minerva_qw,3
MrDopple,minerva_qw,1
lindygrey,minerva_qw,2
Kahnonymous,minerva_qw,1
Zeiramsy,meur123,1
Zeiramsy,kabukistar,2
nauticalmeatball,Zeiramsy,1
meur123,Zeiramsy,1
meur123,UnaffiliatedOpinion,1
meur123,Gnoccistic,1
awenonian,meur123,1
Anarchy_is_Order,awenonian,1
Anarchy_is_Order,scouseking90,1
Anarchy_is_Order,ralph-j,2
Anarchy_is_Order,z3r0shade,2
scouseking90,Anarchy_is_Order,1
kabukistar,Zeiramsy,2
ralph-j,Holophonist,10
Wrestlingisgood,meur123,1
Wrestlingisgood,cacheflow,3
cacheflow,badabinglove,1
z3r0shade,vialtrisuit,2
z3r0shade,sarahmgray,1
z3r0shade,PrimeLegionnaire,1
z3r0shade,Identitypolitik,1
UnaffiliatedOpinion,meur123,2
UnaffiliatedOpinion,notduddeman,1
notduddeman,UnaffiliatedOpinion,2
Gnoccistic,meur123,2
Gnoccistic,LaoTzusGymShoes,1
Gnoccistic,z3r0shade,3
LaoTzusGymShoes,Gnoccistic,1
TheRadBaron,Ramza_Claus,1
Ramza_Claus,TheRadBaron,2
Ramza_Claus,metamatic,1
Ramza_Claus,The_DongLover,4
Ramza_Claus,heelspider,1
Mantonization,Ramza_Claus,1
metamatic,Ramza_Claus,2
masterFurgison,TheRadBaron,1
masterFurgison,FOR_PRUSSIA,2
FOR_PRUSSIA,masterFurgison,3
The_DongLover,Ramza_Claus,4
UHavingALaffM8,Ramza_Claus,1
heelspider,Ramza_Claus,1
heelspider,Squiddlydiddly56,24
heelspider,One_Winged_Rook,3
Squiddlydiddly56,heelspider,24
One_Winged_Rook,ZeusThunder369,3
Crayshack,Ramza_Claus,1
Crayshack,Transkar,2
Transkar,Crayshack,2
bguy74,KrissKross6u,2
wolfram184,bguy74,1
Raunchy_Potato,wobblyweasel,4
Raunchy_Potato,grandoz039,1
wobblyweasel,Raunchy_Potato,3
wobblyweasel,FlexPlexico12,5
wobblyweasel,onelasttimeoh,2
wobblyweasel,FrostbiteOrange,1
wobblyweasel,thedylanackerman,1
wobblyweasel,AurelianoTampa,5
wobblyweasel,PM_ME_UR_RACOON,7
wobblyweasel,cdb03b,3
wobblyweasel,Sheexthro,9
wobblyweasel,Positron311,2
wobblyweasel,kogus,3
wobblyweasel,kjdtkd,2
wobblyweasel,BrennanDobak,4
wobblyweasel,princekadakithis,3
wobblyweasel,RYouNotEntertained,2
wobblyweasel,acamann,1
grandoz039,sevenkindsofgender,2
FlexPlexico12,wobblyweasel,5
onelasttimeoh,wobblyweasel,2
FrostbiteOrange,as-well,3
FrostbiteOrange,muyamable,5
thedylanackerman,morflegober,2
thedylanackerman,missmymom,2
thedylanackerman,Good_FIbrations,1
thedylanackerman,AloysiusC,4
AurelianoTampa,americanenglishh,1
AurelianoTampa,No311,2
PM_ME_UR_RACOON,wobblyweasel,7
PM_ME_UR_RACOON,AurelianoTampa,1
cdb03b,anddrewwiles,1
cdb03b,TheSausageGuy,3
Positron311,Anki_gamer,1
DeltaBot,donaldsw,1
kogus,wobblyweasel,3
kjdtkd,wobblyweasel,2
BrennanDobak,wobblyweasel,5
princekadakithis,wobblyweasel,4
RYouNotEntertained,Anki_gamer,3
acamann,wobblyweasel,1
Minigirl17,AlexaWikipediaSmegma,2
Minigirl17,Government_Slavery,2
AlexaWikipediaSmegma,Minigirl17,1
AlexaWikipediaSmegma,-AragornElessar-,5
AlexaWikipediaSmegma,Havenkeld,5
AlexaWikipediaSmegma,palacesofparagraphs,3
AlexaWikipediaSmegma,undiscoveredlama,3
-AragornElessar-,thikthird,3
mnmgod,AlexaWikipediaSmegma,2
mnmgod,Theo93,4
Theo93,mnmgod,5
Theo93,RetiredGaymerEsq,5
Theo93,math2ndperiod,1
Theo93,Hq3473,31
RetiredGaymerEsq,AlexaWikipediaSmegma,1
RetiredGaymerEsq,Theo93,4
Government_Slavery,Minigirl17,3
Havenkeld,anddrewwiles,2
palacesofparagraphs,AlexaWikipediaSmegma,4
undiscoveredlama,AlexaWikipediaSmegma,3
convoces,[deleted],1
math2ndperiod,Theo93,2
championofobscurity,rmhildebrandt,1
championofobscurity,rationalguy2,1
championofobscurity,MMountain_,2
urlong55,championofobscurity,3
urlong55,on_my_lunch_break,9
urlong55,Boopdelahoop,1
urlong55,groman28,1
urlong55,notadamnthrowaway,2
urlong55,SpaceShipRat,1
on_my_lunch_break,LilYonsan,3
10ebbor10,championofobscurity,1
Boopdelahoop,urlong55,1
groman28,ZeusThunder369,1
notadamnthrowaway,urlong55,2
SpaceShipRat,urlong55,1
502000,sevenkindsofgender,3
sevenkindsofgender,502000,2
sevenkindsofgender,elementop,1
sevenkindsofgender,ACrusaderA,3
sevenkindsofgender,Cloudhwk,2
sevenkindsofgender,SodaPalooza,11
sevenkindsofgender,-AragornElessar-,1
sevenkindsofgender,DRU-ZOD1980,3
sevenkindsofgender,Ndvorsky,6
sevenkindsofgender,ReallyBigMidgets,1
sevenkindsofgender,ShiningConcepts,1
sevenkindsofgender,Vicious43,1
sevenkindsofgender,TBFProgrammer,1
sevenkindsofgender,Sheairah,1
sevenkindsofgender,grandoz039,2
sevenkindsofgender,I_Argue_On_Reddit,1
sevenkindsofgender,BlitzBasic,3
ShiningConcepts,502000,1
ShiningConcepts,sevenkindsofgender,3
ShiningConcepts,yyzjertl,3
ShiningConcepts,elliptibang,1
elementop,sevenkindsofgender,2
ACrusaderA,walrussingsatmidnite,2
Cloudhwk,sevenkindsofgender,3
Cloudhwk,SodaPalooza,1
SodaPalooza,sevenkindsofgender,17
electronics12345,[deleted],4
electronics12345,TBFProgrammer,1
electronics12345,SocialJusticeWizard_,3
electronics12345,The_Real_Mongoose,3
Tallblondebimbo,electronics12345,1
Tallblondebimbo,smeshsle,2
smeshsle,Tallblondebimbo,2
DRU-ZOD1980,sevenkindsofgender,5
Ndvorsky,sevenkindsofgender,8
Ndvorsky,[deleted],1
huadpe,weirds3xstuff,3
huadpe,Chazzyphant,1
ReallyBigMidgets,sevenkindsofgender,1
yyzjertl,ShiningConcepts,3
Dezzy-Bucket,ShiningConcepts,1
Vicious43,sevenkindsofgender,1
TBFProgrammer,electronics12345,1
elliptibang,Holophonist,5
Sheairah,elliptibang,1
I_Argue_On_Reddit,sevenkindsofgender,1
I_Argue_On_Reddit,DefiantWhore,1
DefiantWhore,I_Argue_On_Reddit,1
BlitzBasic,ajarndaniel,1
PizzaPTY,thikthird,6
thikthird,PizzaPTY,6
thikthird,Ajreil,2
thikthird,Ardonpitt,30
thikthird,-AragornElessar-,3
thikthird,Dembara,20
thikthird,Leumashy,3
thikthird,QuantumDischarge,1
thikthird,rab42701,8
thikthird,Havenkeld,4
Ajreil,thikthird,2
Ardonpitt,donaldsw,1
Dembara,thikthird,19
Leumashy,thikthird,3
QuantumDischarge,thikthird,1
rab42701,thikthird,8
ZeusThunder369,Chazzyphant,3
CoyotePatronus,rmhildebrandt,1
CoyotePatronus,OFGhost,6
CoyotePatronus,Cooper720,2
SocialJusticeWizard_,MasterGrok,1
The_Real_Mongoose,electronics12345,4
Klarkson1273,KanoDoMario,2
Salanmander,KanoDoMario,1
nestorrobespierre,ZeusThunder369,2
benjotron,ZeusThunder369,12
VertigoOne,ItsSnowingOutside,1
VertigoOne,FSFlyingSnail,2
Samsmithbangbang,VertigoOne,1
Kluizenaer,[deleted],1
skepticetoh,Kluizenaer,1
skepticetoh,tedfitzy,2
skepticetoh,Chel_of_the_sea,1
skepticetoh,AllOfEverythingEver,2
skepticetoh,aggsalad,1
skepticetoh,z3r0shade,2
skepticetoh,TS1307,55
skepticetoh,BlckJck103,1
skepticetoh,Pot_MeetKettle,1
skepticetoh,Vasquerade,1
skepticetoh,1000ancestors,3
skepticetoh,uyoos2uyoos2,3
tedfitzy,skepticetoh,2
tedfitzy,Geralt_of_Rivia1,1
tedfitzy,moonflower,2
Geralt_of_Rivia1,Flumberbug,2
moonflower,stink3rbelle,2
moonflower,PreacherJudge,9
moonflower,Literally_Herodotus,6
Chel_of_the_sea,[deleted],1
Chel_of_the_sea,anonoman925,2
AllOfEverythingEver,skepticetoh,2
aggsalad,The_Josh_Of_Clubs,3
BistuaNova,aggsalad,1
TS1307,skepticetoh,54
TS1307,ozewe,1
TS1307,Geralt_of_Rivia1,1
TS1307,[deleted],5
TS1307,My3CentsWorth,3
ozewe,TS1307,2
PmYourWittyAnecdote,z3r0shade,1
yunyun333,dickposner,1
Poutrator,yunyun333,1
anonoman925,Chel_of_the_sea,3
noisewar,[deleted],1
BlckJck103,[deleted],1
ShreddingRoses,LilYonsan,1
ShreddingRoses,epicazeroth,1
ShreddingRoses,SupriseGinger,1
ShreddingRoses,politicalanalysis,1
My3CentsWorth,TS1307,3
Pot_MeetKettle,skepticetoh,1
Vasquerade,mcgrathc09,5
Vasquerade,[deleted],1
Vasquerade,spacejellyandjam,1
pixlepix,[deleted],1
1000ancestors,[deleted],1
1000ancestors,skepticetoh,2
uyoos2uyoos2,[deleted],1
uyoos2uyoos2,skepticetoh,3
infinitepaths,walrussingsatmidnite,2
walrussingsatmidnite,infinitepaths,1
walrussingsatmidnite,ACrusaderA,1
walrussingsatmidnite,5iMbA,1
walrussingsatmidnite,neofederalist,2
walrussingsatmidnite,walrussingsatmidnite,2
walrussingsatmidnite,bigman_c,1
FetusFondler,walrussingsatmidnite,1
FetusFondler,nickburgess,1
FetusFondler,thingscouldbeworse,1
nickburgess,FetusFondler,2
thingscouldbeworse,FetusFondler,1
marojelly,FetusFondler,1
marojelly,howdoireachthese,2
marojelly,[deleted],1
howdoireachthese,TheHatOnTheCat,1
bigchimp121,walrussingsatmidnite,1
aliasjr,bigchimp121,1
cullen9,walrussingsatmidnite,1
atlasflubbed,cullen9,1
antisocialmedic,walrussingsatmidnite,1
antisocialmedic,theLaugher,3
antisocialmedic,FlashVortex0,1
antisocialmedic,adurango,1
antisocialmedic,VBassmeister,2
antisocialmedic,panic_bread,1
antisocialmedic,Reason-and-rhyme,2
antisocialmedic,KestrelLowing,2
theLaugher,antisocialmedic,3
FlashVortex0,antisocialmedic,1
adurango,antisocialmedic,1
VBassmeister,antisocialmedic,2
panic_bread,antisocialmedic,1
Reason-and-rhyme,antisocialmedic,2
mostlyrelevant,ACrusaderA,1
DocCannery84,mostlyrelevant,1
5iMbA,walrussingsatmidnite,2
5iMbA,RiPont,2
5iMbA,Mathewdm423,1
5iMbA,hijh,1
RiPont,5iMbA,2
RiPont,Soccerismylife,1
Soccerismylife,walrussingsatmidnite,1
Removalsc,walrussingsatmidnite,1
Playrslayer,Removalsc,1
xXSJADOo,walrussingsatmidnite,1
revised_and_updated,xXSJADOo,1
Mathewdm423,5iMbA,1
hijh,5iMbA,2
neofederalist,rmhildebrandt,1
Pinewood74,sittinginabaralone,5
Pinewood74,ArticSun,1
Pinewood74,Liolios23,1
GivenToFly164,walrussingsatmidnite,1
GivenToFly164,almightySapling,2
KestrelLowing,GivenToFly164,1
KestrelLowing,antisocialmedic,1
CestMoiIci,antisocialmedic,1
almightySapling,GivenToFly164,2
almightySapling,AdminsAreComplicit,1
feraxil,walrussingsatmidnite,1
feraxil,NIkaTheGreat,1
feraxil,ChocPineapple,2
feraxil,joijoijawer,1
TriggerTX,feraxil,1
Dope_train,TriggerTX,1
NIkaTheGreat,feraxil,1
ChocPineapple,feraxil,2
joijoijawer,feraxil,1
AdminsAreComplicit,walrussingsatmidnite,1
AdminsAreComplicit,firesword24,1
AdminsAreComplicit,Breepop,1
AdminsAreComplicit,sportsballexpert,2
AdminsAreComplicit,[deleted],1
AdminsAreComplicit,almightySapling,1
AdminsAreComplicit,DevinGPrice,1
AdminsAreComplicit,Oolongee_Bologna,1
AdminsAreComplicit,sysiphean,2
firesword24,AdminsAreComplicit,2
rawwwse,AdminsAreComplicit,1
Breepop,AdminsAreComplicit,1
sportsballexpert,AdminsAreComplicit,2
gavin_freemason,AdminsAreComplicit,1
DevinGPrice,AdminsAreComplicit,1
Oolongee_Bologna,AdminsAreComplicit,1
IrishCreamPied,AdminsAreComplicit,1
IrishCreamPied,TheLegumeTroubadour,1
sysiphean,IrishCreamPied,1
sysiphean,AdminsAreComplicit,1
TheLegumeTroubadour,AdminsAreComplicit,1
TheLegumeTroubadour,causeWhyNotMate,1
causeWhyNotMate,TheLegumeTroubadour,1
Cultist_O,AdminsAreComplicit,1
BoSknight,Cultist_O,1
bigman_c,walrussingsatmidnite,1
SmolderingDesigns,walrussingsatmidnite,1
IceWaves,[deleted],1
IceWaves,rustinchole,1
alaskafish,IceWaves,1
alaskafish,ganner,1
alaskafish,LukeBabbitt,1
alaskafish,K0stroun,1
ganner,alaskafish,1
veggiesama,badabinglove,3
LukeBabbitt,alaskafish,1
LukeBabbitt,BrookeLovesBooks,1
BrookeLovesBooks,LukeBabbitt,1
moonra_zk,alaskafish,1
cigarusa,ganner,1
cigarusa,Dd_8630,2
cigarusa,bunnylover726,1
Dd_8630,WhiteCrake,2
Dd_8630,Tsiaaw,1
bunnylover726,cigarusa,1
idpark,cigarusa,1
mormotomyia,idpark,1
skank-hunter42,ganner,1
klparrot,skank-hunter42,1
afadedgiant,alaskafish,1
ohdearsweetlord,afadedgiant,1
Bunny_Wabbit,alaskafish,1
Larkyo,DashingLeech,1
foolishle,[deleted],1
foolishle,loudnoises461,1
loudnoises461,foolishle,2
Vaginuh,alaskafish,1
SharonIsGestoord,Vaginuh,1
LithiumEnergy,alaskafish,1
LithiumEnergy,JaylieJoy,1
JaylieJoy,LithiumEnergy,1
SanguinolentPepsi,IceWaves,1
SirCarlo,SanguinolentPepsi,1
_punyhuman_,SirCarlo,1
newPhoenixz,IceWaves,2
yagsuomynona,IceWaves,1
xereeto,yagsuomynona,1
K0stroun,alaskafish,2
K0stroun,Danibelle903,2
Danibelle903,alaskafish,1
Danibelle903,K0stroun,1
Danibelle903,speenatch,1
speenatch,Danibelle903,1
TheHatOnTheCat,alaskafish,1
TheHatOnTheCat,howdoireachthese,1
Graendal,K0stroun,1
Graendal,Polaritical,1
Graendal,Less3r,1
Polaritical,Graendal,1
Less3r,K0stroun,1
himyredditnameis,alaskafish,1
himyredditnameis,clamdragon,1
clamdragon,himyredditnameis,1
thatdroid,alaskafish,1
deirdresm,thatdroid,1
aynrandomness,alaskafish,1
aynrandomness,ubernerd83,2
aynrandomness,cheertina,6
aynrandomness,Bryek,1
aynrandomness,psycho1social,1
ubernerd83,aynrandomness,3
cheertina,KirkwallDay,2
Bryek,aynrandomness,2
psycho1social,aynrandomness,1
acidwestern,alaskafish,1
acidwestern,JmmiP,1
JmmiP,acidwestern,2
tejarbakiss,alaskafish,1
crowdsourced,tejarbakiss,1
Terex80,LilYonsan,2
MerrieLee,Terex80,3
OpQuality,Terex80,3
OpQuality,kcbh711,1
OpQuality,thoselusciouslips,1
OpQuality,polysyndetonic,3
OpQuality,The_Josh_Of_Clubs,1
OpQuality,barefootnpublic,1
matt2000224,OnMyWhey113,1
exotics,matt2000224,1
Metallic52,OnMyWhey113,1
barebooh,Metallic52,1
the_irvingtonian,OnMyWhey113,5
the_irvingtonian,hamletandskull,10
OnMyWhey113,the_irvingtonian,3
OnMyWhey113,neofederalist,2
OnMyWhey113,kcbh711,2
OnMyWhey113,ClearlyBanned22,1
OnMyWhey113,The_Josh_Of_Clubs,1
OnMyWhey113,polysyndetonic,2
OnMyWhey113,paul_aka_paul,1
OnMyWhey113,hiptobecubic,2
OnMyWhey113,hab33b,2
OnMyWhey113,Ansuz07,2
OnMyWhey113,Holophonist,3
OnMyWhey113,Nkklllll,1
OnMyWhey113,TheSausageGuy,4
hamletandskull,fedorcallahan,7
tomgabriele,hamletandskull,6
Potat_Potat,neofederalist,1
Potat_Potat,Ansuz07,1
Potat_Potat,The_Josh_Of_Clubs,6
Potat_Potat,ellipses1,2
kcbh711,OnMyWhey113,3
kcbh711,Gammapod,1
ClearlyBanned22,OnMyWhey113,1
thoselusciouslips,OpQuality,1
Gammapod,kcbh711,1
The_Josh_Of_Clubs,OnMyWhey113,2
The_Josh_Of_Clubs,aggsalad,2
The_Josh_Of_Clubs,jm0112358,1
The_Josh_Of_Clubs,jm0112358_work,2
The_Josh_Of_Clubs,dangerxmouse,1
The_Josh_Of_Clubs,[deleted],1
The_Josh_Of_Clubs,Potat_Potat,5
NapoleonicWars,aggsalad,1
jm0112358,MasterGrok,1
jm0112358,PrimeLegionnaire,1
jm0112358_work,Ansuz07,3
jm0112358_work,The_Josh_Of_Clubs,2
getlough,Ansuz07,1
dangerxmouse,The_Josh_Of_Clubs,1
polysyndetonic,EverlastingInferno,1
polysyndetonic,Aim_2_misbehave,1
DayMorrow,polysyndetonic,1
SmellGestapo,polysyndetonic,1
SmellGestapo,Holophonist,9
paul_aka_paul,OnMyWhey113,2
paul_aka_paul,hiptobecubic,4
hiptobecubic,paul_aka_paul,4
hiptobecubic,OnMyWhey113,3
hiptobecubic,Holophonist,3
JlmmyButler,hiptobecubic,1
ellipses1,OFGhost,5
hab33b,OnMyWhey113,3
hab33b,CoyotePatronus,2
barefootnpublic,OnMyWhey113,1
barefootnpublic,OpQuality,1
barefootnpublic,im--listening,1
im--listening,barefootnpublic,1
jark831,incruente,1
kingpatzer,jark831,2
kingpatzer,Holophonist,3
kingpatzer,davidthetechgeek,1
kingpatzer,BobbyBobRoberts,2
Holophonist,OnMyWhey113,3
Holophonist,hiptobecubic,2
Holophonist,kingpatzer,3
Holophonist,ralph-j,10
Holophonist,jm0112358,11
Holophonist,SmellGestapo,8
Holophonist,elliptibang,4
Holophonist,Loyalt,3
Nkklllll,OnMyWhey113,2
Nkklllll,sonsofaureus,1
Loyalt,RightForever,5
Loyalt,M3rcaptan,1
Loyalt,Miyamori_Senpai,1
Loyalt,PrimeLegionnaire,2
mansefson,Loyalt,1
Thomystic,OnMyWhey113,1
Thomystic,raanne,5
raanne,Thomystic,5
davidthetechgeek,OnMyWhey113,1
DBDude,McGrinch27,1
sonsofaureus,OnMyWhey113,1
sonsofaureus,Nkklllll,1
sonsofaureus,CommanderSheffield,1
BobbyBobRoberts,OnMyWhey113,1
BobbyBobRoberts,kingpatzer,1
CommanderSheffield,OnMyWhey113,1
CommanderSheffield,sonsofaureus,1
TheSausageGuy,kublahkoala,3
TheSausageGuy,cdb03b,4
TheSausageGuy,westatwork,5
TheSausageGuy,PortablePawnShop,3
Snipe812,EverlastingInferno,1
EverlastingInferno,Snipe812,1
EverlastingInferno,StringerBell9,3
EverlastingInferno,PuleaSpataru69,1
EverlastingInferno,[deleted],1
EverlastingInferno,ApeTit4TwoHundred,1
EverlastingInferno,Izawwlgood,1
EverlastingInferno,hyperforce,3
EverlastingInferno,EverlastingInferno,1
deathnate4,RightForever,2
deathnate4,vialtrisuit,8
deathnate4,nate23401,1
deathnate4,rtechie1,1
deathnate4,sarahmgray,1
deathnate4,No311,1
deathnate4,cheshirecatsmiley,1
opek,deathnate4,1
opek,EverlastingInferno,1
saltmarquis,EverlastingInferno,1
saltmarquis,Akitten,2
saltmarquis,Promotheos,2
Akitten,saltmarquis,2
Promotheos,saltmarquis,2
StringerBell9,EverlastingInferno,4
StringerBell9,Aim_2_misbehave,1
StringerBell9,Speckles,2
StringerBell9,Devlyn,1
StringerBell9,Redbrick29,3
StringerBell9,irishking44,2
DaSuHouse,StringerBell9,1
Aim_2_misbehave,polysyndetonic,1
Aim_2_misbehave,Kutbil-ik,1
Aim_2_misbehave,StringerBell9,1
Speckles,StringerBell9,3
not_homestuck,Nessunolosa,1
not_homestuck,Deutschbag_,1
richardboucher,not_homestuck,1
richardboucher,Not_Just_You,1
richardboucher,scifiking,1
all_thetime,EverlastingInferno,1
all_thetime,Arizth,1
Arizth,all_thetime,1
joatmon-snoo,EverlastingInferno,1
Tsiaaw,joatmon-snoo,1
Tsiaaw,Dd_8630,2
Kutbil-ik,StringerBell9,1
Kutbil-ik,totallynotliamneeson,2
Kutbil-ik,DocMcNinja,1
youonlylive2wice,Aim_2_misbehave,1
youonlylive2wice,waldrop02,4
youonlylive2wice,totallynotliamneeson,1
youonlylive2wice,thatoneguy54,1
youonlylive2wice,kerouacrimbaud,1
waldrop02,youonlylive2wice,3
totallynotliamneeson,Kutbil-ik,2
thatoneguy54,youonlylive2wice,1
thatoneguy54,EverlastingInferno,1
thatoneguy54,PuleaSpataru69,2
kerouacrimbaud,youonlylive2wice,1
kerouacrimbaud,Aim_2_misbehave,1
kerouacrimbaud,tfresca,1
sarcazm,StringerBell9,1
Not_Just_You,sarcazm,1
DeletedMy3rdAccount,kerouacrimbaud,1
scifiking,StringerBell9,1
LJHalfbreed,on_my_lunch_break,1
Devlyn,StringerBell9,1
Redbrick29,StringerBell9,3
irishking44,StringerBell9,2
PuleaSpataru69,EverlastingInferno,1
PuleaSpataru69,PrettySneaky71,2
PuleaSpataru69,thatoneguy54,2
PrettySneaky71,PuleaSpataru69,2
DocMcNinja,EverlastingInferno,1
JNelson_,EverlastingInferno,1
JNelson_,ZeusThunder369,1
elasticretreat,EverlastingInferno,1
WhiteCrake,elasticretreat,1
WhiteCrake,Dd_8630,1
WhiteCrake,tsiru12,1
tsiru12,WhiteCrake,1
NoRealsOnlyFeels,WhiteCrake,1
NoRealsOnlyFeels,choopie,1
choopie,NoRealsOnlyFeels,1
RainbowPopsicle,elasticretreat,1
DashingLeech,rmhildebrandt,1
tfresca,DashingLeech,1
Personage1,kerouacrimbaud,1
GalacticCow,elasticretreat,1
Gregoric399,EverlastingInferno,1
kapten_krok,ZeusThunder369,1
jt4,EverlastingInferno,1
meltingintoice,EverlastingInferno,1
ApeTit4TwoHundred,meltingintoice,1
LeopoldTheLlama,EverlastingInferno,1
Coziestpigeon2,EverlastingInferno,1
FerrumFist,Coziestpigeon2,1
Faemn,FerrumFist,1
Kallipolan,EverlastingInferno,1
Kallipolan,Emijah1,2
Emijah1,kublahkoala,1
lackingsaint,Emijah1,4
Spacefungi,Emijah1,1
opsidenta,Emijah1,1
alexskc95,Emijah1,1
Aristoshit,alexskc95,1
Izawwlgood,EverlastingInferno,1
Beake,EverlastingInferno,1
hyperforce,EverlastingInferno,3
ThisIceAintNice,shark_to_water,1
aquantiV,ThisIceAintNice,1
EjaculationStorm,EverlastingInferno,1
LilYonsan,Terex80,2
LilYonsan,on_my_lunch_break,2
LilYonsan,swearrengen,1
LilYonsan,Anki_gamer,2
stegateratops,LilYonsan,1
stegateratops,Inelukie,1
epicazeroth,LilYonsan,1
epicazeroth,ShreddingRoses,1
epicazeroth,thesmokingpants,1
FroVice,Terex80,1
orpheus090,FroVice,1
Inelukie,orpheus090,1
swearrengen,Nessunolosa,1
forerunner398,LilYonsan,1
forerunner398,kintops,1
kintops,forerunner398,1
Anki_gamer,LilYonsan,3
Anki_gamer,NotCleverEnufToRedit,1
Anki_gamer,DashingLeech,1
Anki_gamer,RYouNotEntertained,2
NotCleverEnufToRedit,LilYonsan,1
thesmokingpants,epicazeroth,2
SupriseGinger,ShreddingRoses,1
SupriseGinger,TheConstipatedPepsi,1
TheConstipatedPepsi,SupriseGinger,2
politicalanalysis,ShreddingRoses,1
wineandcheese,politicalanalysis,1
k9centipede,wineandcheese,1
punromantic,LilYonsan,1
punromantic,qvolt,1
rialismus,punromantic,1
qvolt,punromantic,1
allupinthisjoint,LilYonsan,1
gwarsh41,allupinthisjoint,1
Stokkolm,wastagaswe,1
wastagaswe,Stokkolm,1
wastagaswe,MrMercurial,1
wastagaswe,Super_Duper_Mann,1
wastagaswe,as-well,1
wastagaswe,abhd,1
wastagaswe,muyamable,2
wastagaswe,kjmichaels,1
wastagaswe,lammchops15,1
wastagaswe,BenIncognito,6
wastagaswe,Genoscythe_,5
wastagaswe,ThatSpencerGuy,2
wastagaswe,TheActualIsh,1
wastagaswe,pillbinge,1
wastagaswe,RarelyNecessary,1
MrMercurial,wastagaswe,1
kilgpmktra,MrMercurial,1
sylocheed,kilgpmktra,1
Super_Duper_Mann,wastagaswe,2
____Matt____,Super_Duper_Mann,1
OhMy8008,____Matt____,1
Genoscythe_,____Matt____,1
Genoscythe_,ImagineQ,2
Genoscythe_,wastagaswe,5
ImagineQ,Genoscythe_,3
smartest_kobold,wastagaswe,1
smartest_kobold,Alphabetagencies,2
Alphabetagencies,smartest_kobold,2
as-well,wastagaswe,2
as-well,FrostbiteOrange,3
muyamable,ILikeNiceDiscussions,1
Toffeemanstan,muyamable,1
abhd,Toffeemanstan,1
ezzyharry29,[deleted],1
Highlord_Jangles,muyamable,1
Highlord_Jangles,Jasontheperson,1
Jasontheperson,Highlord_Jangles,1
Jasontheperson,cookietrixxx,1
kjmichaels,wastagaswe,1
lammchops15,wastagaswe,2
BenIncognito,wastagaswe,7
BenIncognito,serphz,6
TJHug,BenIncognito,1
TJHug,James_McNulty,4
James_McNulty,wastagaswe,1
James_McNulty,TJHug,4
serphz,BenIncognito,6
cookietrixxx,BenIncognito,1
cookietrixxx,Jasontheperson,1
joalr0,wastagaswe,1
joalr0,thebedshow,1
thebedshow,joalr0,1
ThatSpencerGuy,KanoDoMario,2
TheActualIsh,VertigoOne,1
moe_overdose,VertigoOne,6
pillbinge,wastagaswe,1
RarelyNecessary,wastagaswe,2
sittinginabaralone,Bpbegha,1
sittinginabaralone,Pinewood74,4
ArticSun,sittinginabaralone,1
ArticSun,-6-6-,30
ArticSun,Pinewood74,2
-6-6-,_Hopped_,11
-6-6-,Derpese_Simplex,4
-6-6-,Nessunolosa,14
-6-6-,Wierd_Carissa,6
-6-6-,bgbba1,8
-6-6-,tweetypi,1
-6-6-,Waphlez,7
-6-6-,buffalo_slim,8
-6-6-,MagentaHawk,1
-6-6-,jweezy2045,4
-6-6-,Deutschbag_,3
-6-6-,[deleted],5
-6-6-,Austin_RC246,11
-6-6-,Rockmar1,6
-6-6-,jcooli09,4
-6-6-,glitter-glam,1
-6-6-,hykue37,2
-6-6-,Gumpler,2
-6-6-,smithrereen,1
-6-6-,Zurlly,7
-6-6-,swearrengen,1
goldsalt132,-6-6-,9
kublahkoala,rmhildebrandt,1
NoneApplicable,Bpbegha,1
MiguelKoch,NoneApplicable,1
MiguelKoch,TwentyFive_Shmeckles,1
TwentyFive_Shmeckles,Bpbegha,1
Tundur,kublahkoala,1
shark_to_water,Wierd_Carissa,5
shark_to_water,slash178,1
shark_to_water,cutty2k,3
Liolios23,Bpbegha,1
Liolios23,ThisIsReLLiK,3
Liolios23,Pinewood74,1
ThisIsReLLiK,Liolios23,3
milk____steak,Bpbegha,1
milk____steak,fox-mcleod,2
fox-mcleod,donaldsw,1
insufferabletoolbag,Bpbegha,1
tkatsman,insufferabletoolbag,1
_Hopped_,[deleted],5
_Hopped_,techiemikey,3
_Hopped_,Brimjobtime,3
_Hopped_,-6-6-,10
techiemikey,C21H27Cl3N2O3,1
Brimjobtime,_Hopped_,3
Brimjobtime,Derpese_Simplex,1
Brimjobtime,ProfessorHeartcraft,1
Derpese_Simplex,-6-6-,4
Derpese_Simplex,Brimjobtime,1
Derpese_Simplex,neofederalist,1
ProfessorHeartcraft,Brimjobtime,2
ProfessorHeartcraft,-6-6-,1
Wierd_Carissa,-6-6-,7
Wierd_Carissa,shark_to_water,4
Wierd_Carissa,lnfinity,1
Wierd_Carissa,Genoskill,1
bgbba1,-6-6-,8
bgbba1,Nessunolosa,3
bgbba1,zolartan,1
tweetypi,-6-6-,1
lnfinity,Wierd_Carissa,1
lnfinity,Austin_RC246,3
lnfinity,Derpese_Simplex,1
Genoskill,Wierd_Carissa,1
Nessunolosa,-6-6-,10
Nessunolosa,yunyun333,1
Nessunolosa,neofederalist,2
Nessunolosa,jcooli09,3
Nessunolosa,glitter-glam,1
Nessunolosa,zolartan,2
Nessunolosa,bgbba1,2
Nessunolosa,swearrengen,1
Waphlez,-6-6-,8
buffalo_slim,-6-6-,9
MagentaHawk,-6-6-,1
jweezy2045,-6-6-,6
jweezy2045,supergodsuperfuck,4
jweezy2045,hubeyy,2
jweezy2045,YahwehTheDevil,6
jweezy2045,zolartan,3
Deutschbag_,-6-6-,3
Deutschbag_,not_homestuck,1
Grunt08,wahtisthisidonteven,3
supergodsuperfuck,jweezy2045,5
hubeyy,jweezy2045,3
slash178,yunyun333,1
cutty2k,shark_to_water,3
zolartan,cutty2k,1
zolartan,jweezy2045,4
zolartan,ProfessorHeartcraft,1
zolartan,[deleted],1
zolartan,bgbba1,2
zolartan,Nessunolosa,2
Austin_RC246,[deleted],1
Austin_RC246,-6-6-,9
Austin_RC246,lnfinity,3
Austin_RC246,LongenWhatNot,3
LongenWhatNot,Austin_RC246,3
quoderatdemonstranda,[deleted],1
Rockmar1,-6-6-,6
jcooli09,Nessunolosa,2
jcooli09,-6-6-,4
glitter-glam,Nessunolosa,1
hykue37,-6-6-,2
YahwehTheDevil,jweezy2045,5
Gumpler,-6-6-,2
smithrereen,-6-6-,1
Zurlly,-6-6-,7
Zurlly,[deleted],2
Zurlly,Snokus,1
Snokus,swearrengen,1
PL_TOC,Sweddy,2
Sweddy,PL_TOC,2
Sweddy,Ansuz07,12
Sweddy,radialomens,6
Sweddy,Sayakai,1
Sweddy,_I_Have_No_Mouth_,1
Sweddy,Huntingmoa,14
Sweddy,PolkaDottedFuck,1
Sweddy,[deleted],1
Sweddy,PaulSharke,3
Sweddy,renoops,9
Sweddy,RooRooNumber2,1
Sweddy,NovelTie,4
testrail,Ansuz07,8
testrail,fluffhoof,1
testrail,StormySands,1
testrail,radialomens,5
testrail,Sayakai,7
fluffhoof,testrail,1
StormySands,testrail,1
radialomens,testrail,5
radialomens,Sweddy,8
Sayakai,badabinglove,3
Freevoulous,radialomens,1
Freevoulous,Thin-White-Duke,3
Freevoulous,Huntingmoa,4
Freevoulous,Sweddy,1
Thin-White-Duke,Freevoulous,3
_I_Have_No_Mouth_,Sweddy,1
JustAMinuteAnHourAgo,Sweddy,1
Huntingmoa,weirds3xstuff,2
Huntingmoa,DrunkFishBreatheAir,1
PolkaDottedFuck,Sweddy,2
cupcakesarethedevil,jesus_mary_joe,4
gremy0,Ansuz07,4
PaulSharke,Sweddy,3
renoops,tchaffee,2
RooRooNumber2,Sweddy,1
NovelTie,Sweddy,5
jbt2003,Sweddy,1
jbt2003,Fuckn_hipsters,2
Fuckn_hipsters,jbt2003,2
evil_rabbit,fedorcallahan,16
fedorcallahan,evil_rabbit,16
fedorcallahan,ClusterChuk,80
fedorcallahan,hamletandskull,7
fedorcallahan,Cheesus250,2
fedorcallahan,[deleted],2
fedorcallahan,carbenz,1
DabestbroAgain,fedorcallahan,1
ClusterChuk,fedorcallahan,82
Cheesus250,fedorcallahan,2
carbenz,fedorcallahan,2
Slurrpin,AggressiveSloth,2
Slurrpin,bracs279,1
Slurrpin,Lostinthesauce10,1
Slurrpin,RadioactiveAppendix,1
Slurrpin,alfredo094,6
Slurrpin,Itisforsexy,8
Slurrpin,persolb,2
Slurrpin,skysinsane,1
Slurrpin,RemingtonMol,1
Slurrpin,expresidentmasks,6
Slurrpin,Jabbam,3
badabinglove,Slurrpin,3
badabinglove,ThatBelligerentSloth,1
badabinglove,cacheflow,1
badabinglove,45MonkeysInASuit,1
badabinglove,veggiesama,2
badabinglove,FSFlyingSnail,1
badabinglove,ihadtripsss,2
badabinglove,silverrain64,1
badabinglove,Sayakai,2
badabinglove,CaffeinatedStudents,1
badabinglove,Szyz,1
Made_in_Murica,badabinglove,1
Made_in_Murica,super-commenting,1
adjason,Made_in_Murica,1
super-commenting,anddrewwiles,1
super-commenting,SciFiPaine0,1
super-commenting,BolivianNostril,1
45MonkeysInASuit,badabinglove,1
FSFlyingSnail,Andthentomorrow,6
FSFlyingSnail,GreasyPorkGoodness,4
FSFlyingSnail,VertigoOne,3
FSFlyingSnail,83wonder,1
FSFlyingSnail,HazelGhost,1
pensivegargoyle,badabinglove,1
skyelbow,pensivegargoyle,1
ihadtripsss,badabinglove,2
silverrain64,badabinglove,1
CaffeinatedStudents,badabinglove,2
Szyz,badabinglove,1
Siiimo,[deleted],2
Siiimo,Arpisti,1
Siiimo,CreativeGPX,2
Arpisti,Siiimo,1
doughboy011,MyPenisIsaWMD,1
CreativeGPX,Siiimo,3
CreativeGPX,Rielglowballelleit,1
CreativeGPX,Dont____Panic,3
Rielglowballelleit,CreativeGPX,1
Dont____Panic,CreativeGPX,4
TruthOrFacts,Siiimo,1
gyroda,BKachur,1
rustinchole,IceWaves,2
rustinchole,huadpe,3
dickposner,fox-mcleod,3
dickposner,KerbalFactorioLeague,3
dickposner,yunyun333,1
dickposner,Qwerty_Resident,10
dickposner,C21H27Cl3N2O3,1
dickposner,Grunt08,2
Feroc,dickposner,1
KerbalFactorioLeague,dickposner,4
Qwerty_Resident,KanoDoMario,3
C21H27Cl3N2O3,fox-mcleod,2
C21H27Cl3N2O3,cupcakesarethedevil,6
C21H27Cl3N2O3,Qwerty_Resident,1
C21H27Cl3N2O3,annoinferno,4
C21H27Cl3N2O3,Status_Flux,1
C21H27Cl3N2O3,socrates200X,1
C21H27Cl3N2O3,stratys3,2
C21H27Cl3N2O3,dickposner,1
C21H27Cl3N2O3,Grunt08,5
C21H27Cl3N2O3,galacticsuperkelp,2
C21H27Cl3N2O3,techiemikey,1
C21H27Cl3N2O3,KevinWester,1
C21H27Cl3N2O3,suddenly_ponies,1
C21H27Cl3N2O3,themattydor,1
C21H27Cl3N2O3,Valnar,2
C21H27Cl3N2O3,ohNOginger,4
C21H27Cl3N2O3,Jaysank,2
C21H27Cl3N2O3,skinbearxett,1
C21H27Cl3N2O3,rainbows5ever,1
kino2012,C21H27Cl3N2O3,1
annoinferno,C21H27Cl3N2O3,5
Status_Flux,utstudent4trump,1
Status_Flux,sarcasm_is_love,1
socrates200X,C21H27Cl3N2O3,1
galacticsuperkelp,C21H27Cl3N2O3,2
KevinWester,C21H27Cl3N2O3,1
suddenly_ponies,C21H27Cl3N2O3,2
themattydor,C21H27Cl3N2O3,2
Valnar,alfredo094,2
ohNOginger,C21H27Cl3N2O3,5
Jaysank,ericoahu,2
skinbearxett,C21H27Cl3N2O3,1
rainbows5ever,C21H27Cl3N2O3,1
mcgrathc09,hacksoncode,2
mcgrathc09,Vasquerade,3
mcgrathc09,AntimonyPidgey,2
mcgrathc09,Salanmander,1
mcgrathc09,mikkylock,1
mcgrathc09,cupcakesarethedevil,2
mcgrathc09,kublahkoala,1
mcgrathc09,DCarrier,2
mcgrathc09,helloitslouis,5
mcgrathc09,PreacherJudge,1
mcgrathc09,mcgrathc09,1
AntimonyPidgey,mcgrathc09,3
AntimonyPidgey,ApproxKnowledgeSite,1
AntimonyPidgey,zharth,5
AntimonyPidgey,SaveToTheADrive,2
AntimonyPidgey,mudra311,1
ApproxKnowledgeSite,AntimonyPidgey,1
zharth,Vasquerade,1
zharth,AntimonyPidgey,3
zharth,mcgrathc09,2
zharth,iamwaitingtocompile,1
OrbitingTpot,mcgrathc09,1
OrbitingTpot,Oosl,1
Oosl,OrbitingTpot,1
lrurid,OrbitingTpot,1
SaveToTheADrive,Vasquerade,1
SaveToTheADrive,redesckey,4
SaveToTheADrive,Higgs_Bosun,1
SaveToTheADrive,Awildbadusername,1
SaveToTheADrive,Salanmander,1
SaveToTheADrive,AntimonyPidgey,1
SaveToTheADrive,helloitslouis,3
redesckey,SaveToTheADrive,4
redesckey,madwill,1
redesckey,rottinguy,1
redesckey,connstar97,1
Awildbadusername,mcgrathc09,1
Awildbadusername,SaveToTheADrive,1
Higgs_Bosun,Awildbadusername,1
Jmastersj,Salanmander,1
trainwithlino,Salanmander,2
Venusupreme,zharth,1
mikkylock,mcgrathc09,1
davidildo,hacksoncode,2
madwill,hacksoncode,2
mudra311,visarga,1
mudra311,KatMcTwitchington,1
parentheticalobject,[deleted],1
spacejellyandjam,Vasquerade,2
___OccamsChainsaw___,spacejellyandjam,1
___OccamsChainsaw___,firelock_ny,1
firelock_ny,___OccamsChainsaw___,1
firelock_ny,redesckey,1
firelock_ny,Brovaries80085,1
IsupportLGBT_nohomo,spacejellyandjam,1
DCarrier,anddrewwiles,1
DCarrier,SciFiPaine0,2
helloitslouis,mcgrathc09,6
helloitslouis,mudra311,3
helloitslouis,LoveTrumpedHate,4
helloitslouis,connstar97,3
helloitslouis,SaveToTheADrive,2
helloitslouis,carlos_the_dwarf_,1
helloitslouis,killcat,2
LoveTrumpedHate,helloitslouis,4
LoveTrumpedHate,[deleted],3
LoveTrumpedHate,whizzo76,1
whizzo76,LoveTrumpedHate,2
whizzo76,jay1237,1
jay1237,whizzo76,1
rottinguy,helloitslouis,1
Brovaries80085,helloitslouis,1
connstar97,helloitslouis,3
carlos_the_dwarf_,helloitslouis,2
killcat,helloitslouis,3
A_Soporific,mcgrathc09,1
errhhbrerrh,mcgrathc09,1
errhhbrerrh,AnAntichrist,1
AnAntichrist,errhhbrerrh,2
iamwaitingtocompile,zharth,1
Morpheus3121,ItsSnowingOutside,2
Morpheus3121,CatRelatedUsername,3
ItsSnowingOutside,Morpheus3121,1
ItsSnowingOutside,darwin2500,1
ItsSnowingOutside,McGrinch27,1
CatRelatedUsername,Morpheus3121,3
CatRelatedUsername,ViewedFromTheOutside,3
littlebubulle,ItsSnowingOutside,1
littlebubulle,Arvaci,1
Arvaci,littlebubulle,1
McGrinch27,cupcakesarethedevil,1
McGrinch27,ItsSnowingOutside,2
McGrinch27,Geralt_of_Rivia1,1
darwin2500,jesus_mary_joe,1
darwin2500,Godskook,2
in_cavediver,tbdabbholm,1
in_cavediver,UncleMeat11,2
in_cavediver,Linuxmoose5000,1
in_cavediver,zardeh,40
cstar1996,Geralt_of_Rivia1,1
cstar1996,organicjello,2
organicjello,cstar1996,3
ursuslimbs,darwin2500,2
Andthentomorrow,ItsSnowingOutside,1
Andthentomorrow,Geralt_of_Rivia1,1
Andthentomorrow,FSFlyingSnail,5
poltroon_pomegranate,americanenglishh,1
poltroon_pomegranate,PrimeLegionnaire,2
poltroon_pomegranate,No311,1
poltroon_pomegranate,EttenCO,6
ViewedFromTheOutside,ItsSnowingOutside,1
ViewedFromTheOutside,Saxit,1
ViewedFromTheOutside,CatRelatedUsername,3
Saxit,ViewedFromTheOutside,1
GreasyPorkGoodness,ItsSnowingOutside,1
GreasyPorkGoodness,FSFlyingSnail,4
83wonder,ItsSnowingOutside,1
HazelGhost,ItsSnowingOutside,1
Traccoon,Flumberbug,1
Flumberbug,Traccoon,1
Flumberbug,Geralt_of_Rivia1,1
Flumberbug,DoodleVnTaintschtain,2
Flumberbug,blatantspeculation,1
Flumberbug,TanithArmoured,2
Flumberbug,lowry4president,2
Flumberbug,Blindweaponsfumbler,4
Flumberbug,Mohamedhijazi22,5
Flumberbug,snugghash,1
Flumberbug,Eulerslist,1
Flumberbug,hacksoncode,2
Flumberbug,kingbane2,2
Flumberbug,blueelffishy,2
Flumberbug,IlluminatusUIUC,6
Flumberbug,tikforest00,2
Flumberbug,lemuremf,1
Flumberbug,MTorkelson,1
Flumberbug,IslayThePeaty,3
Flumberbug,random5924,1
DoodleVnTaintschtain,Flumberbug,2
blatantspeculation,Geralt_of_Rivia1,1
blatantspeculation,Flumberbug,1
TanithArmoured,Flumberbug,2
lowry4president,Flumberbug,2
Blindweaponsfumbler,Flumberbug,4
Blindweaponsfumbler,kingbane2,3
Mohamedhijazi22,Flumberbug,5
snugghash,Flumberbug,1
Eulerslist,Flumberbug,2
kingbane2,SDK1176,1
blueelffishy,Flumberbug,3
IlluminatusUIUC,No311,1
tikforest00,IlluminatusUIUC,2
tikforest00,Flumberbug,2
lemuremf,Flumberbug,1
MTorkelson,Flumberbug,2
IslayThePeaty,Flumberbug,4
random5924,Flumberbug,1
AggressiveSloth,muyamable,4
AggressiveSloth,Slurrpin,1
AggressiveSloth,Frogmarsh,2
AggressiveSloth,darwin2500,3
AggressiveSloth,CJGibson,2
AggressiveSloth,BusyLuckyMud,1
AggressiveSloth,Huntingmoa,2
AggressiveSloth,Ipostcontrarian,3
AggressiveSloth,brock_lee,1
AggressiveSloth,indielib,1
AggressiveSloth,caw81,2
AggressiveSloth,hacksoncode,2
AggressiveSloth,ClosetDoorEnthusiast,1
bracs279,muyamable,2
bracs279,Slurrpin,1
Lostinthesauce10,Slurrpin,1
RustyRook,Apokolyptyk,1
RadioactiveAppendix,Slurrpin,1
alfredo094,Milskidasith,1
alfredo094,Valnar,2
Frogmarsh,AggressiveSloth,2
Frogmarsh,NoFluxGiven257,1
NoFluxGiven257,Frogmarsh,1
CJGibson,AggressiveSloth,3
BusyLuckyMud,AggressiveSloth,1
SaltyHatch,BusyLuckyMud,1
schfourteen-teen,AggressiveSloth,1
someWalkingShadow,darwin2500,2
Ader_anhilator,darwin2500,2
Itisforsexy,Slurrpin,8
persolb,Slurrpin,2
skysinsane,Slurrpin,1
RemingtonMol,Slurrpin,1
expresidentmasks,Slurrpin,6
Jabbam,Slurrpin,3
wahtisthisidonteven,AggressiveSloth,1
wahtisthisidonteven,Grunt08,2
Ipostcontrarian,AggressiveSloth,3
brock_lee,AggressiveSloth,1
jesusonadinosaur,darwin2500,1
tehfunnymans,AggressiveSloth,1
indielib,AggressiveSloth,1
caw81,AggressiveSloth,3
ClosetDoorEnthusiast,AggressiveSloth,2
eatmyshit,AggressiveSloth,1
sospeso,eatmyshit,1
reimagining_life,Ansuz07,2
reimagining_life,tbdabbholm,2
reimagining_life,muyamable,3
reimagining_life,ogld,1
reimagining_life,MasterGrok,2
reimagining_life,FuzzerPupper,2
tbdabbholm,morflegober,1
ogld,reimagining_life,2
ColdNotion,[deleted],1
MasterGrok,rmhildebrandt,1
MasterGrok,OFGhost,8
Apokolyptyk,MasterGrok,5
Apokolyptyk,RustyRook,1
TaneCorbin,reimagining_life,1
PinkyBlinky,EighthScofflaw,1
PinkyBlinky,[deleted],1
FuzzerPupper,reimagining_life,2
RightForever,americanenglishh,2
RightForever,GlyphGryph,1
RightForever,qwertx0815,1
RightForever,PrimeLegionnaire,2
RightForever,mattholomew,8
RightForever,deathnate4,1
RightForever,M3rcaptan,7
RightForever,Loyalt,5
americanenglishh,RightForever,1
americanenglishh,MasterGrok,1
GlyphGryph,OFGhost,2
GlyphGryph,rmhildebrandt,1
GlyphGryph,MMountain_,1
qwertx0815,RightForever,2
qwertx0815,KreKreMan,2
PrimeLegionnaire,RightForever,3
PrimeLegionnaire,GlyphGryph,1
PrimeLegionnaire,poltroon_pomegranate,2
PrimeLegionnaire,garnteller,1
PrimeLegionnaire,qwertx0815,1
PrimeLegionnaire,Milskidasith,3
PrimeLegionnaire,PreacherJudge,1
PrimeLegionnaire,Loyalt,2
PrimeLegionnaire,ThomasEdmund84,1
PrimeLegionnaire,goldistastey,1
PrimeLegionnaire,maverikv,1
mattholomew,RightForever,10
rtechie1,GlyphGryph,2
rtechie1,AurelianoTampa,1
rtechie1,sharkbanger,1
rtechie1,Milskidasith,1
cheshirecatsmiley,americanenglishh,2
cheshirecatsmiley,vialtrisuit,4
cheshirecatsmiley,No311,1
vialtrisuit,cheshirecatsmiley,4
vialtrisuit,Broolucks,1
vialtrisuit,soitcause,2
vialtrisuit,z3r0shade,2
vialtrisuit,DeusExMockinYa,1
vialtrisuit,deathnate4,8
vialtrisuit,[deleted],1
vialtrisuit,Michaelis_Maus,2
vialtrisuit,Doppleganger07,2
vialtrisuit,thadeusaquadicus,1
vialtrisuit,Milskidasith,1
M3rcaptan,RightForever,7
M3rcaptan,sarahmgray,3
sarahmgray,M3rcaptan,3
sarahmgray,sophistry13,1
sarahmgray,jm0112358,1
sarahmgray,vialtrisuit,1
sarahmgray,PrimeLegionnaire,1
sarahmgray,Sadsharks,1
No311,poltroon_pomegranate,2
No311,AurelianoTampa,3
No311,Sadsharks,1
No311,deathnate4,1
No311,vacuousaptitude,2
No311,IlluminatusUIUC,1
No311,johnlongpingpong,1
No311,soitcause,2
No311,Chizomsk,2
No311,cheshirecatsmiley,2
No311,InsOmNomNomnia,2
sophistry13,poltroon_pomegranate,1
EttenCO,poltroon_pomegranate,7
Milskidasith,morflegober,2
Milskidasith,greed_and_death,1
Milskidasith,Floppuh,3
Miyamori_Senpai,Milskidasith,2
Doppleganger07,[deleted],2
Doppleganger07,vialtrisuit,2
Doppleganger07,Identitypolitik,1
Oediphus,Miyamori_Senpai,1
Oediphus,boiled_elephant,1
Oediphus,nashvortex,3
boiled_elephant,Oediphus,1
nashvortex,Milskidasith,1
nashvortex,Oediphus,3
Broolucks,americanenglishh,1
soitcause,vialtrisuit,2
soitcause,No311,2
DeusExMockinYa,vialtrisuit,2
Michaelis_Maus,vialtrisuit,3
thadeusaquadicus,vialtrisuit,1
nate23401,MasterGrok,1
sharkbanger,rtechie1,1
Identitypolitik,AurelianoTampa,1
Identitypolitik,z3r0shade,2
Identitypolitik,Doppleganger07,1
sxae,Identitypolitik,1
garnteller,americanenglishh,1
Swiss_Army_Cheese,z3r0shade,1
Mattmon666,americanenglishh,1
KreKreMan,Mattmon666,1
KreKreMan,qwertx0815,1
Myphoneaccount9,Milskidasith,1
ThomasEdmund84,l2ddit,5
goldistastey,anddrewwiles,1
mattumbo,PrimeLegionnaire,1
maverikv,americanenglishh,1
maverikv,PrimeLegionnaire,1
JimmyDeSanta420,maverikv,1
JimmyDeSanta420,jtown8673877158,1
Sadsharks,americanenglishh,1
Sadsharks,No311,1
vacuousaptitude,americanenglishh,1
vacuousaptitude,No311,1
johnlongpingpong,americanenglishh,1
Chizomsk,No311,2
InsOmNomNomnia,americanenglishh,1
InsOmNomNomnia,No311,1
jtown8673877158,americanenglishh,1
badmonkingpin,Salanmander,1
badmonkingpin,x1uo3yd,1
badmonkingpin,Padfoot95,1
badmonkingpin,moonflower,1
badmonkingpin,whatakatie,1
x1uo3yd,badmonkingpin,1
746865626c617a,Salanmander,1
Padfoot95,badmonkingpin,1
I_am_the_night,KanoDoMario,3
RhynoD,badmonkingpin,1
RhynoD,I_am_the_night,2
whatakatie,badmonkingpin,1
lalliesaurus,badmonkingpin,1
MrCapitalismWildRide,throwawayA0K,1
ericoahu,TotlaBullfish,2
586230,throwawayA0K,1
throwawayA0K,586230,1
throwawayA0K,Huntingmoa,13
throwawayA0K,Bluezephr,22
throwawayA0K,WF187,1
throwawayA0K,TheVioletBarry,2
throwawayA0K,stink3rbelle,2
throwawayA0K,Big_Pete_,12
throwawayA0K,huadpe,2
throwawayA0K,ThomasEdmund84,7
throwawayA0K,BlockNotDo,1
throwawayA0K,DCarrier,2
throwawayA0K,MoralSatire,8
throwawayA0K,GnosticGnome,3
throwawayA0K,Iswallowedafly,2
throwawayA0K,figsbar,1
throwawayA0K,BlowItUpForScience,1
throwawayA0K,Quantum_Queen,1
Bluezephr,throwawayA0K,24
WF187,throwawayA0K,2
TheVioletBarry,throwawayA0K,2
stink3rbelle,jesus_mary_joe,1
stink3rbelle,moonflower,1
stink3rbelle,moduspol,1
Big_Pete_,throwawayA0K,13
BlockNotDo,throwawayA0K,1
MoralSatire,throwawayA0K,8
GnosticGnome,throwawayA0K,4
Iswallowedafly,throwawayA0K,2
figsbar,KanoDoMario,6
BlowItUpForScience,throwawayA0K,1
Quantum_Queen,throwawayA0K,1
incruente,ILikeNiceDiscussions,8
incruente,ElfmanLV,6
incruente,jark831,1
incruente,fiiiiiine,1
ILikeNiceDiscussions,incruente,7
ILikeNiceDiscussions,uncledrewkrew,2
ILikeNiceDiscussions,Ieatbabies154,2
ILikeNiceDiscussions,muyamable,1
ILikeNiceDiscussions,birdbirdbirdbird,4
ILikeNiceDiscussions,elmley,1
ILikeNiceDiscussions,AnotherMasterMind,1
ILikeNiceDiscussions,thirteenthfox2,1
ILikeNiceDiscussions,MuaddibMcFly,2
ILikeNiceDiscussions,MenShouldntHaveCats,1
ILikeNiceDiscussions,mr_indigo,1
ILikeNiceDiscussions,samsonkeane,1
ILikeNiceDiscussions,weepycreepy,2
ILikeNiceDiscussions,PhilliesJawn,2
ILikeNiceDiscussions,AssBlaster_69,1
ILikeNiceDiscussions,oksooo,2
ILikeNiceDiscussions,techgirlthrowaway9,2
ILikeNiceDiscussions,p0ison1vy,1
ILikeNiceDiscussions,DrMux,1
ElfmanLV,incruente,5
ElfmanLV,muyamable,1
fiiiiiine,incruente,1
visarga,ILikeNiceDiscussions,1
visarga,mr_indigo,1
aFunnyWorldWeLiveIn,visarga,1
aFunnyWorldWeLiveIn,MenShouldntHaveCats,2
uncledrewkrew,ILikeNiceDiscussions,2
asdf2602,ILikeNiceDiscussions,1
asdf2602,Sornos,2
Ieatbabies154,ILikeNiceDiscussions,2
m4gE321,ILikeNiceDiscussions,1
birdbirdbirdbird,ILikeNiceDiscussions,5
elmley,birdbirdbirdbird,1
elmley,GoyBeorge,3
AnotherMasterMind,ILikeNiceDiscussions,2
thirteenthfox2,ILikeNiceDiscussions,2
MuaddibMcFly,ILikeNiceDiscussions,2
GoyBeorge,ILikeNiceDiscussions,1
GoyBeorge,elmley,2
shrimpjive,GoyBeorge,1
mr_indigo,ILikeNiceDiscussions,1
mr_indigo,10z20Luka,1
MenShouldntHaveCats,Gilleah,1
MenShouldntHaveCats,[deleted],1
Artificial_Cinnamon,MenShouldntHaveCats,2
Artificial_Cinnamon,weepycreepy,2
One_Way_Trip,ILikeNiceDiscussions,1
MobiusCube,One_Way_Trip,1
aarr44,mr_indigo,1
Zcuron,aarr44,1
Zcuron,asdf2602,1
samsonkeane,mr_indigo,1
weepycreepy,ILikeNiceDiscussions,3
weepycreepy,noodledense,3
weepycreepy,Artificial_Cinnamon,1
noodledense,ILikeNiceDiscussions,1
noodledense,weepycreepy,2
isleepbad,weepycreepy,1
orbat,Artificial_Cinnamon,1
Sornos,ILikeNiceDiscussions,1
Sornos,asdf2602,1
PhilliesJawn,mr_indigo,1
PhilliesJawn,ILikeNiceDiscussions,1
PhilliesJawn,lookafist,1
PhilliesJawn,Lindsiria,1
PhilliesJawn,Zhentar,1
lookafist,PhilliesJawn,1
MustLuvPolarBearDogs,lookafist,1
drkztan,MustLuvPolarBearDogs,1
RedBlackSeed,lookafist,1
StaySkepticYT,RedBlackSeed,1
StaySkepticYT,Lindsiria,2
Lindsiria,PhilliesJawn,1
Lindsiria,StaySkepticYT,2
Zhentar,PhilliesJawn,1
blank_dota2,mr_indigo,1
TrueLazuli,blank_dota2,1
TrueLazuli,Nephilim8,1
Nephilim8,TrueLazuli,1
10z20Luka,mr_indigo,2
SmileyFace-_-,mr_indigo,1
CoopertheBKE,SmileyFace-_-,1
KatMcTwitchington,mr_indigo,1
KatMcTwitchington,mudra311,1
AssBlaster_69,ILikeNiceDiscussions,1
oksooo,ILikeNiceDiscussions,2
techgirlthrowaway9,ILikeNiceDiscussions,2
techgirlthrowaway9,kranebrain,1
kranebrain,techgirlthrowaway9,1
spooningkangaroos,techgirlthrowaway9,1
xbnm,AssBlaster_69,1
BaggaTroubleGG,xbnm,1
spongythingz,ILikeNiceDiscussions,1
Reala27,ILikeNiceDiscussions,1
Reala27,zesty_mordant,1
zesty_mordant,Reala27,1
p0ison1vy,ILikeNiceDiscussions,2
DrMux,ILikeNiceDiscussions,2
l2ddit,cupcakesarethedevil,2
l2ddit,goatforpope,5
l2ddit,Gilleah,2
l2ddit,Pleberal,1
l2ddit,ThomasEdmund84,4
l2ddit,Literally_Herodotus,8
l2ddit,Lurking_Chronicler,4
l2ddit,PandaDerZwote,1
l2ddit,Zeknichov,1
goatforpope,l2ddit,6
Gilleah,l2ddit,2
Gilleah,MenShouldntHaveCats,1
Pleberal,l2ddit,2
Pleberal,[deleted],1
Literally_Herodotus,moonflower,6
Lurking_Chronicler,l2ddit,5
PandaDerZwote,l2ddit,1
Zeknichov,l2ddit,1
logic_card,Tullyswimmer,3
Tullyswimmer,logic_card,3
Tullyswimmer,sharkbait76,2
Tullyswimmer,Ankthar_LeMarre,1
Tullyswimmer,silverdevilboy,10
Tullyswimmer,GoldenMarauder,3
Tullyswimmer,shadowarc72,2
Tullyswimmer,tew13til,3
Tullyswimmer,hacksoncode,11
Tullyswimmer,taosaur,1
Tullyswimmer,darwin2500,1
Tullyswimmer,Mtl325,1
Tullyswimmer,h20blunt,2
Tullyswimmer,BKachur,1
Tullyswimmer,criticalcontext,2
Tullyswimmer,will592,3
Tullyswimmer,DrunkFishBreatheAir,1
Tullyswimmer,lasagnaman,1
Tullyswimmer,keeklesandwich,3
Tullyswimmer,YourFairyGodmother,3
Tullyswimmer,Indon_Dasani,1
Tullyswimmer,pikk,1
Tullyswimmer,superH3R01N3,2
sharkbait76,Tullyswimmer,2
Ankthar_LeMarre,Tullyswimmer,1
Ankthar_LeMarre,thatguy3444,1
silverdevilboy,Tullyswimmer,11
silverdevilboy,JohnLockeNJ,1
thatguy3444,Ankthar_LeMarre,2
JohnLockeNJ,silverdevilboy,1
GoldenMarauder,Tullyswimmer,4
shadowarc72,Tullyswimmer,2
tew13til,Tullyswimmer,3
taosaur,Tullyswimmer,1
Mtl325,Tullyswimmer,1
h20blunt,Tullyswimmer,2
John02904,Tullyswimmer,1
John02904,Lagkiller,1
Lagkiller,John02904,2
BKachur,Tullyswimmer,2
BKachur,gyroda,1
criticalcontext,Tullyswimmer,2
will592,Tullyswimmer,3
DrunkFishBreatheAir,Huntingmoa,1
lasagnaman,Tullyswimmer,1
keeklesandwich,Tullyswimmer,3
Mark_c_pugner,Mtl325,1
Mark_c_pugner,[deleted],1
Sociably_Luke,Nepene,1
YourFairyGodmother,Tullyswimmer,3
Indon_Dasani,Tullyswimmer,2
pikk,Tullyswimmer,1
that_big_negro,Tullyswimmer,1
superH3R01N3,Tullyswimmer,2
jesus_mary_joe,cupcakesarethedevil,4
jesus_mary_joe,PreacherJudge,1
jesus_mary_joe,darwin2500,1
hameleona,stink3rbelle,1
DaraelDraconis,PreacherJudge,1
DaraelDraconis,relevant_password,1
relevant_password,DaraelDraconis,2
relevant_password,PreacherJudge,1
moduspol,stink3rbelle,1
moduspol,PreacherJudge,3
Seeattle_Seehawks,PreacherJudge,1
Godskook,darwin2500,3
Godskook,TheManWhoWasNotShort,4
Godskook,RealFactorRagePolice,2
TheManWhoWasNotShort,Godskook,5
RealFactorRagePolice,Godskook,2
ChrisMF112,jesus_mary_joe,1
ChrisMF112,gwankovera,1
gwankovera,ChrisMF112,1
tchaffee,_SONNEILLON,4
tchaffee,renoops,2
tchaffee,CLIFFORDRight,2
_SONNEILLON,tchaffee,2
_SONNEILLON,clearliquidclearjar,1
_SONNEILLON,party-in-here,1
_SONNEILLON,coleman57,1
_SONNEILLON,proofofinsurance,1
ajarndaniel,tchaffee,1
ajarndaniel,neurilax,2
neurilax,ajarndaniel,3
JoelChanson,_SONNEILLON,1
spludgemaster,JoelChanson,1
CLIFFORDRight,tchaffee,2
clearliquidclearjar,_SONNEILLON,1
LeeHarveyMozgod,_SONNEILLON,1
party-in-here,_SONNEILLON,1
Cilicia,_SONNEILLON,1
Tecnocazuela,_SONNEILLON,1
thekonzo,Tecnocazuela,1
thekonzo,Tawptuan,1
Tawptuan,thekonzo,1
coleman57,_SONNEILLON,1
proofofinsurance,_SONNEILLON,1
Dead_tread,KrissKross6u,1
Ngin3,Dead_tread,1
KrissKross6u,CoyotePatronus,1
KrissKross6u,luminiferousethan_,2
KrissKross6u,bguy74,1
JudgeBastiat,CoyotePatronus,6
ConfirmableVelvet,CoyotePatronus,2
luminiferousethan_,KrissKross6u,2
down42roads,anddrewwiles,4
down42roads,BolivianNostril,1
anddrewwiles,down42roads,3
anddrewwiles,kublahkoala,1
anddrewwiles,McKoijion,1
anddrewwiles,cdb03b,1
anddrewwiles,redditvoluntaryist,2
anddrewwiles,Havenkeld,1
anddrewwiles,westatwork,1
anddrewwiles,BolivianNostril,1
Snorrrlax,[deleted],4
BolivianNostril,down42roads,1
BolivianNostril,TheSausageGuy,1
BolivianNostril,PortablePawnShop,3
BolivianNostril,super-commenting,1
BolivianNostril,PreacherJudge,1
BolivianNostril,CapitalismForFreedom,1
McKoijion,anddrewwiles,1
Bobsorules,anddrewwiles,2
redditvoluntaryist,anddrewwiles,2
SciFiPaine0,goldistastey,1
SciFiPaine0,super-commenting,1
SciFiPaine0,PreacherJudge,1
SciFiPaine0,DCarrier,3
westatwork,anddrewwiles,2
westatwork,AlphaGoGoDancer,1
westatwork,Bobsorules,1
westatwork,TheSausageGuy,4
AlphaGoGoDancer,westatwork,2
PortablePawnShop,anddrewwiles,1
PortablePawnShop,TheSausageGuy,2
PortablePawnShop,[deleted],2
PortablePawnShop,BolivianNostril,3
CapitalismForFreedom,anddrewwiles,1
CapitalismForFreedom,BolivianNostril,1
UncleMeat11,in_cavediver,2
Linuxmoose5000,in_cavediver,1
Linuxmoose5000,morflegober,2
Linuxmoose5000,Aeternalis_,3
Linuxmoose5000,[deleted],1
Linuxmoose5000,hacksoncode,1
zardeh,Earl_Harbinger,10
morflegober,zardeh,2
morflegober,Milskidasith,1
morflegober,thedylanackerman,1
morflegober,DeathSlyce,2
greed_and_death,Milskidasith,1
Floppuh,Milskidasith,4
anooblol,kublahkoala,1
winglerw28,Emijah1,1
winglerw28,thedylanackerman,1
missmymom,thedylanackerman,2
Good_FIbrations,rmhildebrandt,1
AloysiusC,Chazzyphant,1
Aeternalis_,Linuxmoose5000,3
BreeCC,morflegober,1
BreeCC,fenderkruse,1
BreeCC,Klarkson1273,4
fenderkruse,rmhildebrandt,2
gamesterdude,morflegober,1
No_212,morflegober,1
No_212,dokushin,2
dokushin,No_212,2
DeathSlyce,morflegober,3
DeathSlyce,DOCisaPOG,6
DOCisaPOG,DeathSlyce,6
-paperbrain-,morflegober,1
-paperbrain-,AnyDream,1
AnyDream,-paperbrain-,1
DawgDatsAGreatPost,weirds3xstuff,1
DawgDatsAGreatPost,mysundayscheming,1
DawgDatsAGreatPost,chris2315,5
DawgDatsAGreatPost,EighthScofflaw,3
DawgDatsAGreatPost,[deleted],1
DawgDatsAGreatPost,nekozoshi,1
mysundayscheming,DawgDatsAGreatPost,1
EighthScofflaw,Earl_Harbinger,1
chris2315,DawgDatsAGreatPost,7
chris2315,GoIdfinch,2
chris2315,Jack126Guy,4
chris2315,weirds3xstuff,2
SaintBio,Chazzyphant,4
IAmAN00bie,[deleted],1
nekozoshi,KanoDoMario,3
weirds3xstuff,Chazzyphant,1
weirds3xstuff,Madplato,3
weirds3xstuff,huadpe,2
weirds3xstuff,[deleted],1
GoIdfinch,weirds3xstuff,1
GoIdfinch,chris2315,1
GoIdfinch,SaintBio,1
Jack126Guy,chris2315,5
chasingstatues,weirds3xstuff,4
Crell,weirds3xstuff,2
PennyLisa,Chazzyphant,2
PennyLisa,Vund3rkind,2
PennyLisa,Meesh_ca,1
Jasader,PennyLisa,2
bbgun09,weirds3xstuff,2
UNRThrowAway,KanoDoMario,6
KanoDoMario,UNRThrowAway,6
KanoDoMario,Klarkson1273,1
KanoDoMario,Qwerty_Resident,2
KanoDoMario,Gourok,3
KanoDoMario,tit_wrangler,2
KanoDoMario,bohknows,2
KanoDoMario,figsbar,5
KanoDoMario,alnicoblue,1
KanoDoMario,OFGhost,3
KanoDoMario,nekozoshi,2
KanoDoMario,Burflax,1
KanoDoMario,LilSebs_MrsF,4
KanoDoMario,kublahkoala,3
KanoDoMario,worldeditor,1
KanoDoMario,ThatSpencerGuy,1
KanoDoMario,Weisse_Rose,2
KanoDoMario,Salanmander,1
KanoDoMario,EmpRupus,1
KanoDoMario,Love_Shaq_Baby,2
KanoDoMario,foraskaliberal224,1
KanoDoMario,I_am_the_night,1
Gourok,KanoDoMario,3
tit_wrangler,KanoDoMario,3
bohknows,KanoDoMario,2
alnicoblue,KanoDoMario,2
OFGhost,MasterGrok,8
OFGhost,ellipses1,5
OFGhost,GlyphGryph,2
OFGhost,CoyotePatronus,7
OFGhost,vagunowner94,2
OFGhost,rmhildebrandt,1
OFGhost,kd131313,1
Burflax,KanoDoMario,2
LilSebs_MrsF,KanoDoMario,7
worldeditor,Chazzyphant,1
douglandry,KanoDoMario,1
Weisse_Rose,Vund3rkind,2
Weisse_Rose,Chazzyphant,1
EmpRupus,KanoDoMario,1
Love_Shaq_Baby,KanoDoMario,3
foraskaliberal224,KanoDoMario,1
Glory2Hypnotoad,rmhildebrandt,1
rmhildebrandt,Glory2Hypnotoad,1
rmhildebrandt,MasterGrok,1
rmhildebrandt,OFGhost,1
rmhildebrandt,utstudent4trump,1
rmhildebrandt,kublahkoala,1
rmhildebrandt,fenderkruse,2
rmhildebrandt,abutthole,4
rmhildebrandt,Ansuz07,1
rmhildebrandt,vagunowner94,1
Rosevkiet,rmhildebrandt,1
MMountain_,Rosevkiet,1
MMountain_,GlyphGryph,2
MMountain_,CoSh,4
MMountain_,sarcasm_is_love,1
MMountain_,BurpFarter3000,1
MMountain_,Ansuz07,1
MMountain_,IJerkOffToSlutwalks,2
MMountain_,Sine_Habitus,2
MMountain_,Lucas2616,1
MMountain_,Mdcastle,1
MMountain_,championofobscurity,3
utstudent4trump,rmhildebrandt,1
Roflcaust,rmhildebrandt,1
Roflcaust,DianaWinters,1
Roflcaust,Sine_Habitus,4
DianaWinters,Roflcaust,1
Sine_Habitus,Roflcaust,4
Sine_Habitus,Ansuz07,4
Sine_Habitus,MMountain_,2
CoSh,MMountain_,5
CoSh,BurpFarter3000,3
BurpFarter3000,GlyphGryph,1
BurpFarter3000,CoSh,2
BurpFarter3000,MMountain_,1
sarcasm_is_love,Status_Flux,1
mooserider2,rmhildebrandt,1
tiddlypeeps,mooserider2,1
abutthole,rmhildebrandt,4
abutthole,smokumjoe,1
abutthole,PennyLisa,1
PauLtus,abutthole,1
verfmeer,PauLtus,1
Cooper720,CoyotePatronus,2
keanwood,CoyotePatronus,1
spaghettiWV,keanwood,1
elp103,Ansuz07,1
elp103,IJerkOffToSlutwalks,1
IJerkOffToSlutwalks,elp103,2
IJerkOffToSlutwalks,Miguelinileugim,1
DevoutSubculture,Ansuz07,1
Miguelinileugim,Ansuz07,4
natha105,Ansuz07,7
sdmitch16,Ansuz07,5
Cyanized7,Ansuz07,2
Lucas2616,Ansuz07,1
Lucas2616,championofobscurity,1
smokumjoe,abutthole,1
Mdcastle,donaldsw,1
rationalguy2,championofobscurity,1
BigWil,Lucas2616,1
vagunowner94,rmhildebrandt,1
vagunowner94,OFGhost,1
imjustsittingherewat,vagunowner94,1
hellomynameis_satan,imjustsittingherewat,1
kd131313,OFGhost,1
HuntforMusic,DashingLeech,1
HuntforMusic,Celtabria,2
Celtabria,rmhildebrandt,1
Celtabria,HuntforMusic,1
Chazzyphant,worldeditor,1
Chazzyphant,PreacherJudge,2
Chazzyphant,weirds3xstuff,1
Chazzyphant,TotlaBullfish,2
Chazzyphant,Madplato,3
Chazzyphant,huadpe,1
Chazzyphant,icecoldbath,2
Chazzyphant,VortexMagus,1
Chazzyphant,Earl_Harbinger,5
Chazzyphant,Vund3rkind,1
Chazzyphant,cmv_lawyer,5
Chazzyphant,leiphos,1
Chazzyphant,GermanEgo,1
Chazzyphant,hedic,1
Chazzyphant,AloysiusC,1
Chazzyphant,Mikodite,1
Chazzyphant,Weisse_Rose,1
Chazzyphant,SaintBio,4
Chazzyphant,ZeusThunder369,3
Chazzyphant,makronic,1
SDK1176,Chazzyphant,1
TotlaBullfish,Chazzyphant,3
TotlaBullfish,ericoahu,2
iunoionnis,[deleted],1
wokeupabug,iunoionnis,1
icecoldbath,Chazzyphant,2
VortexMagus,Chazzyphant,2
VortexMagus,Earl_Harbinger,2
Earl_Harbinger,VortexMagus,3
Earl_Harbinger,icecoldbath,1
Earl_Harbinger,EighthScofflaw,1
Earl_Harbinger,zardeh,9
Earl_Harbinger,Chazzyphant,4
Meesh_ca,Earl_Harbinger,1
Meesh_ca,shaydizzle123,1
Meesh_ca,PennyLisa,1
Vund3rkind,Chazzyphant,1
Vund3rkind,Mikodite,1
Vund3rkind,Weisse_Rose,1
Vund3rkind,PennyLisa,1
cmv_lawyer,Chazzyphant,5
leiphos,Chazzyphant,1
GermanEgo,Chazzyphant,1
hedic,Chazzyphant,1
ricksteer_p333,Chazzyphant,1
Mikodite,Vund3rkind,1
Indoril_Nerevar95,Vund3rkind,1
KirkwallDay,Chazzyphant,1
KirkwallDay,cheertina,2
shaydizzle123,Chazzyphant,1
makronic,Chazzyphant,1
donaldsw,Hq3473,2
donaldsw,DoctorMoneyStacks,1
donaldsw,Ardonpitt,1
donaldsw,conventionistG,2
donaldsw,fox-mcleod,1
donaldsw,mad_poet_navarth,1
donaldsw,Borgphoenix,1
donaldsw,[deleted],1
donaldsw,Mdcastle,1
pjr10th,donaldsw,1
JonGinty,pjr10th,1
VernonHines,Hq3473,2
DoctorMoneyStacks,donaldsw,1
sarcasmandsocialism,Hq3473,2
PuffyPanda200,Hq3473,2
conventionistG,donaldsw,3
mad_poet_navarth,donaldsw,2
icyMG,donaldsw,1
icyMG,OktoberForever,1
OktoberForever,icyMG,1
Borgphoenix,donaldsw,1
Borgphoenix,DeltaBot,1
MutinyGMV,donaldsw,1
MutinyGMV,_busch,3
_busch,MutinyGMV,3
